id,first_name,last_name,email,phone,age,uid,provider,username,password,log_id
1,Hedwig,Wolf,hjoye0@woothemes.com,178-228-3699,18,0741709239,github,user,password,1
2,Allyn,Bedo,abedo1@biglobe.ne.jp,413-213-5582,57,4927872687,github,user2,password,2
3,Cheryl,Camsey,ccamsey2@newyorker.com,963-511-4214,65,4254419269,github,user1,password,3
4,Serene,Jones,ssimonnot3@wikimedia.org,174-671-4106,,8793568402,github,user4,password,4
5,Henderson,Jertz,hjertz4@yelp.com,741-778-5387,,5322733888,github,user5,pw,5
6,Artemis,Jeffers,ajeffers5@mapquest.com,591-973-0275,,8574908203,github,6
7,Isidore,Smith,icurme6@ifeng.com,177-955-7481,74,0252044387,github,7
8,Lynett,Mateja,lmateja7@xing.com,458-175-3636,,5155243052,github,8
9,Helsa,Orwin,horwin8@prnewswire.com,266-740-7117,,3661476059,github,9
10,Zsa zsa,Tree,zsahlstrom9@livejournal.com,703-349-3421,04,4035552946,github,10
11,Cosetta,Brimming,cbrimminga@cargocollective.com,800-954-6457,38,6370697827,github,11
12,Chrissy,Dykas,cdykasb@csmonitor.com,834-183-3881,22,0369163729,github,12
13,Ingra,Marx,ipalfreymanc@berkeley.edu,216-425-6548,,3375029675,github,13
14,Jillana,Fessier,jfessierd@de.vu,779-700-6614,91,2319146650,github,14
15,Cameron,Ludy,cludye@domainmarket.com,862-298-4164,,9071692741,github,15
16,Latisha,Jerdein,ljerdeinf@blogs.com,442-630-4118,,3870667894,github,16
17,Ezequiel,Straw,emistryg@prlog.org,625-483-2807,90,1116914439,github,17
18,Gianni,Ackers,gackersh@blogger.com,373-906-8419,76,2069756926,github,18
19,Ronna,LaGrange,rkemetzi@sbwire.com,916-124-5355,20,3907432295,github,19
20,Howey,Orans,horansj@google.ca,157-375-9669,,2248115714,github,20
